Claire Carter|19015 Gallop Dr|Germantown|MD|UNITED STATES|2407518677|20874||PNC BANK, N.A.|VISA|CLASSIC|DEBIT
James Black|1450 Norman Ave.|London|ON|CANADA||N6K2A7|jrblack@rogers.com|TORONTODOMINION BANK|VISA|INFINITE|CREDIT
jonathan Korhonen||Santa Clara|CA|FINLAND||95051|jonathankorh333@hotmail.com|NORDEA BANK FINLAND PLC|VISA|ELECTRON|DEBIT
Galassi Martha|Yeni mah. 2179 sok. no: 34/1 SAKARYA/Hendek|SAKARYA|SAKARYA|TURKEY|5454892020|54300||TURKIYE IS BANKASI, A.S.|VISA|CLASSIC|CREDIT
tish white|1244 southford road|southbury|CT|UNITED STATES||06488||BARCLAYS BANK DELAWARE|MASTERCARD|WORLD|CREDIT
Jennifer Carson|15120 e 12th ave|Spokane valley|WA|UNITED STATES||99037||BANNER BANK|MASTERCARD|ENHANCED|DEBIT
Norka  Padilla|4515 Willard Ave, 1402S|Chevy Chase|Maryland|UNITED STATES|norkapadi@gmail.com|20815||SUNTRUST BANK|MASTERCARD|ENHANCED|DEBIT
Mark Hammond|4330 Lake Forrest Ct. NE|Atlanta|GA|UNITED STATES|4042424535|30342||CITIBANK N.A.|MASTERCARD|PLATINUM|CREDIT
Adrienne Hutton|420 West Jackson Blvd.|Jonesborough|TN|UNITED STATES|4239467248|37659||EASTMAN C.U.|VISA|CLASSIC|DEBIT
Adam Williams||Adelaide|NSW|AUSTRALIA||5098|stoned13@gmail.com|NATIONAL AUSTRALIA BANK, LTD.|VISA|PLATINUM|CREDIT
Mr D Ellison|22 waterston crescent Witton Gilbert Durham|Durham|Durham|UNITED KINGDOM|4783878541|DH76SH|davidellison.2603@gmail.com|SANTANDER UK PLC|MASTERCARD|STANDARD|DEBIT
Leslie Larsen|376 Commons Ave W|Amery|Wisconsin|UNITED STATES|7155540204|54401||AMERICAN EXPRESS US CONSUMER|AMERICAN EXPRESS|OPTIMA|CREDIT
giulia f p santos|Rua Joel 00 qd.b lt.07 Jardim Gon?¡ìalves|An??polis|492|BRAZIL||75123350|giufernanda13@hotmail.com|NU PAGAMENTOS SA|MASTERCARD|GOLD|CREDIT
rotchana pipatpruksa|323 ?.9 ??????????|?.??????? ?.???????|?.??????|THAILAND|0892777352|38180||BANK OF AYUDHYA PUBLIC CO., LTD.|VISA|CLASSIC|CREDIT
Nicholas Aimsworth|4405 Lynwood Ct Apt  5|Indianapolis|IN|UNITED STATES|14044037450|46201||METABANK|VISA|PREPAID|DEBIT
Stanley Mulvaney|9100 Avebury Drive Apt H|Charlotte|NC|UNITED STATES|7046350597|28213||NAVY F.C.U.|VISA|CLASSIC|DEBIT
Spencer Downs|721 Aspen Heights Lane|Auburn|AL|UNITED STATES|8503166598|36830||REGIONS BANK|VISA|CLASSIC|DEBIT
Debbie Kovich|1401 Surrey Ln|Friendswood|Texas|UNITED STATES||77546||REGIONS BANK|VISA|CLASSIC|DEBIT
Laura Elwell|26398 Meadow Rd|Hollywood|MD|UNITED STATES||20636||PNC BANK, N.A.|VISA|SIGNATURE|CREDIT
Kenneth Ford|5321 Knollwood Dr # 2|Cleveland|OH|UNITED STATES|4798562001|44129||U.S. BANK, N.A.|VISA|PREPAID|DEBIT
Qui Adams|2158 42nd st|kenner|La|UNITED STATES|5043150924|70056||JPMORGAN CHASE BANK, N.A.|VISA|CLASSIC|DEBIT
Van Tran|1242 Shillington dr|Katy|Tx|UNITED STATES|8326540247|77450|Miketran04@yahoo.com|AMERICAN EXPRESS US CONSUMER|AMERICAN EXPRESS|CCSG LENDING|CREDIT
Mark Schleiger|309 Park Place|Fort Collins|CO|UNITED STATES||80525||FIRST TECHNOLOGY FEDERAL CREDIT UNION|MASTERCARD|WORLD|CREDIT
Jennifer Lindsey|5 Buck Trail|Rome|GA|UNITED STATES||30165||REGIONS BANK|VISA|CLASSIC|DEBIT
Robert Hardy|110 Bennett St|AUBURNDALE||UNITED STATES||33823||MIDFLORIDA C.U.|VISA|CLASSIC|CREDIT
Joce Rochon|1341 Route 650|Casselman|ON|CANADA|guyjocerochon@hotmail.com|K0A1M0||CANADIAN TIRE BANK|MASTERCARD|STANDARD|CREDIT
Katie O'Brien|127 W 82 St|New York|43|UNITED STATES||10024|zeidee.pineda@gmail.com|CHASE BANK USA, N.A.|VISA|CLASSIC|CREDIT
Mr N HANLER|||AL|UNITED STATES||Ze3|nooahh147@gamil.com|JACK HENRY & ASSOCIATES|MASTERCARD|STANDARD|DEBIT
Martin Menosky|3760 Callan Blvd|South San Francisco|California|UNITED STATES|6502701793|94080||WELLS FARGO BANK, N.A.|VISA|CLASSIC|CREDIT
Rolley Ray||Baton Rouge|LA|UNITED STATES||70820|rolleyray@yahoo.com|BANCORP BANK, THE|MASTERCARD|PREPAID|DEBIT
Eichhorn Lorraine|16 Kingsley avenue|Huddersfield||UNITED KINGDOM||HD1 3SR||SANTANDER UK PLC|VISA|CLASSIC|DEBIT
Stacy Estele|1020 Emma Street Apt 3F|Key West|FLORIDA|UNITED STATES||33040||BANCORP BANK, THE|MASTERCARD|BUSINESS|DEBIT
Daniel Miller|1611 Colina Ct|San Luis Obispo|California|UNITED STATES|8054417890|93401|roadman345@live.com|CHASE BANK USA, N.A.|VISA|CLASSIC|CREDIT
Jeanette Gramling|4315 W 110 S|Angola|IN|UNITED STATES||46703||FLAGSTAR BANK, F.S.B.|VISA|CLASSIC|DEBIT
Iliriana Mushkolaj|701 W. Lakeshore Drive|Coeur d¡¯Alene|Idaho|UNITED STATES|208 7551200|83814||BANK OF AMERICA, N.A.|VISA|CLASSIC|CREDIT
Lorna Figueroa Garc?-a|Braulio Dueno|Calle 4 H15|Bayamon|PUERTO RICO|7875503260|00959||BANCO SANTANDER PUERTO RICO|MASTERCARD|STANDARD|DEBIT
Jayde Holcombe||Mobile|AL|UNITED STATES||36612|mirab21@hotmail.com|COMERICA BANK|MASTERCARD|PREPAID GOVERNMENT|DEBIT
Big Man||Austin|TX|UNITED STATES||78701|rifleman1243@yahoo.com|BANCORP BANK, THE|MASTERCARD|PREPAID|DEBIT
R A SOFFNER|Waarschap 13|Zwaag||NETHERLANDS||1689WZ||ING BANK N.V.|MASTERCARD|DEFERRED DEBIT|CREDIT
Mymy Tran|7008 Millennium Dr|Fort Smith|AR|UNITED STATES||72916|mymytran920@yahoo.com|REGIONS BANK|VISA|CLASSIC|DEBIT
Glenn Paulus|112 FOX HAVEN DRIVE|O\\'Fallon|MO|UNITED STATES||63368||COMMERCE BANCSHARES, INC.|VISA|CLASSIC|CREDIT
Gerson Espinoza||Clifton|NJ|UNITED STATES||07011|gespinoza724@hotmail.com|TD BANK, N.A.|VISA|CLASSIC|DEBIT
Aisling Doherty|31 Eagle Valley|Wicklow|A98VY74|IRELAND||Ireland||ALLIED IRISH BANKS PLC|VISA|CLASSIC|DEBIT
NULL|Baton Rouge|Salerno|William McBee|GREECE||11474||ALPHA BANK|MASTERCARD|STANDARD|CREDIT
Eduardo Cruz Roque|P.O Box 314|Guayama|PR|PUERTO RICO|7878665128|00785||BANCO POPULAR DE PUERTO RICO|VISA|CLASSIC|DEBIT
Brian Motz|1616 Elephant Rd 1616 Elephant Rd|Perkasie|Pennsylvania|UNITED STATES|2673371782|18944||CHASE BANK USA, N.A.|VISA|CLASSIC|CREDIT
Jacob ruiz||Denver|CO|UNITED STATES||80227|jacobruiz08@gmail.com|WELLS FARGO BANK, N.A.|VISA|CLASSIC|DEBIT
Hailey Chandler|7430 Nathaniel Dr.|Mount Airy|MD|UNITED STATES|2404221948|21771||AMERICAN EXPRESS US CONSUMER|AMERICAN EXPRESS|GOLD|CREDIT
Richard Munger||Marietta|OH|UNITED STATES||45750|rmunger96@rochester.rr.com|ESL F.C.U.|VISA|CLASSIC|DEBIT
Nathan Gutierrez||Fort Collins|CO|UNITED STATES||80524|gutierrez.nathan1@outlook.com|JPMORGAN CHASE BANK, N.A.|VISA|CLASSIC|DEBIT
Angel Joel Guerrero Cueva|||AL|PERU||11500|tuangelitho10.ag@gmail.com|BANCO DE CREDITO DEL PERU|VISA|GOLD|DEBIT
Bing C  CHEN|2551 LAUGHLIN AVE|La Crescenta|CA|UNITED STATES|bing.c.chen@gmail.com 8053200450|91214||CHASE BANK USA, N.A.|VISA|CLASSIC|CREDIT
David A Durham|6000 Timberwood Circle, Unit 202|Fort Myers|FL|UNITED STATES|2397897885|33908||USAA SAVINGS BANK|VISA|CLASSIC|CREDIT
Rachel Masingill|677 Ridgemont Dr|Allen|Texas|UNITED STATES|9723023576|750026105||PROSPERITY BANK|MASTERCARD|STANDARD|DEBIT
Laura Smith|1205 S. 19th St.|Copperas Cove|TX|UNITED STATES|no|76522||COMMUNITY FEDERAL SAVINGS BANK|MASTERCARD|PREPAID RELOADABLE|DEBIT
ARPIT BANSAL|3408 E JOHN HINKLE PL||BLOOMINGTON|UNITED STATES||IN||JPMORGAN CHASE BANK, N.A.|VISA|CLASSIC|DEBIT
Jacob Benjamin||Garden Grove||UNITED STATES|jacob7benjamin10@gmail.com|92845||SCHOOLSFIRST FEDERAL CREDIT UNION|MASTERCARD|ENHANCED|DEBIT
ADAM M BLACK|10328 S Legacy Cv|South Jordan|UT  US|UNITED STATES|8015979900|84095||BARCLAYS BANK DELAWARE|MASTERCARD|WORLD|CREDIT
Glaucia G de Souza|Rua Lu?-s L?3pes Dornelas 300 Apto 101 Aero Clube|Volta Redonda|Rio de Janeiro|BRAZIL|24988596747|27283110|glauciasouzaarouca@gmail.com|ITAU UNIBANCO S.A.|MASTERCARD|PLATINUM|CREDIT
Mrs Jane H Robertson|Hill House, 2 Skinners Lane Wroxham|Norwich|Norfolk|UNITED KINGDOM|07397991656|NR12 8SJ|1978jhr@gmail.com|THE COOPERATIVE BANK PLC|VISA|CLASSIC|DEBIT
Dana Bordelon|3824  Hwy 451|Moreauville|LA|UNITED STATES||71355||CITIBANK N.A.|MASTERCARD|MIXED PRODUCT|CREDIT
Mohammed Abdul Matin|103 NETHERFIELD GARDENS|BARKING|Essex|UNITED KINGDOM||IG11 9TN||HSBC UK BANK PLC|MASTERCARD|WORLD|CREDIT
sabrina c herrlein|Rua Marechal Mascarenhas de Morais, 155|305 , BL. B|Rio de Janeiro|BRAZIL|22030040|RJ||BANCO SANTANDER BRASIL S.A.|MASTERCARD|PLATINUM|CREDIT
Zahid Khan|29 Fern Gardens|Belton||UNITED KINGDOM||NR31 9QY||LLOYDS BANK PLC|VISA|GOLD|DEBIT
Jill Adams|15005 Verbena Street|Thornton|CO|UNITED STATES||80602||CITIBANK N.A.|MASTERCARD|PLATINUM|CREDIT
Papa Clit||Longview|TX|UNITED STATES||75604|trentrrussell97@gmail.com|NAVY F.C.U.|VISA|CLASSIC|DEBIT
Jack L McClure|147 Denvale Dr|Selma|NC|UNITED STATES||27576||CHASE BANK USA, N.A.|VISA|CLASSIC|CREDIT
MR PR SMALLWOOD|Wonwell Cottage, Coombeshead Road|Newton Abbot|Devon|UNITED KINGDOM|07712273984|TQ12 1PY|smallwood918@btinternet.com|BARCLAYS BANK PLC|VISA|PLATINUM|DEBIT
Jenny Fish|23610 Fairway Canyon|San Antonio|Texas|UNITED STATES|2102753408|78258||BANK OF AMERICA, N.A.|VISA|CLASSIC|DEBIT
Kimberley Snowden|2714 INDIANA ST|Stockton|California|UNITED STATES|2095073843|95206|kimberleyspivey32@yahoo.com|BANCORP BANK, THE|MASTERCARD|ENHANCED|DEBIT
Karoline R Maldonado|10118 W Winthrop Ct|Zion|IL|UNITED STATES|2244770829|60099||BANK OF AMERICA, NATIONAL ASSOCIATION|MASTERCARD|ENHANCED|DEBIT
Normand Petrin|24 Laurier Place|Edmonton|Alberta|CANADA|7807214948|T5R5P4||AMEX CANADA GLOBESTAR|AMERICAN EXPRESS|PERSONAL CHARGE|CREDIT
Stephen Hogan|519 Mill Springs Circle|Hoover|Alabama|UNITED STATES|2055278556|35244|Shogan1958@gmail.com|REGIONS BANK|VISA|CLASSIC|DEBIT
Carlton E Williams|9725 Calgary Place|Charlotte|NC|UNITED STATES|6232398735|28215||FIFTH THIRD BANK, THE|MASTERCARD|ENHANCED|DEBIT
LUIZ FERNANDO ZAGER|Rua Santa Luzia|Rua Santa Luzia|Mogi das Cruzes|BRAZIL|08742170|SP||ITAU UNIBANCO, S.A.|VISA|SIGNATURE|CREDIT
Jesus Garcia|23211 birnam wood blvd|Spring|TX|UNITED STATES|2812350628|77386||BANK OF AMERICA, N.A.|VISA|CLASSIC|CREDIT
Jesus Romero||Fullerton|CA|UNITED STATES||92833|dinhogaucho5@gmail.com|JPMORGAN CHASE BANK, N.A.|VISA|CLASSIC|DEBIT
Miracle Coleman|809 Alabama Street Lot 12|Columbus|Ms|UNITED STATES|6624354117|39702||DISCOVER BANK|DISCOVER|PERSONAL|DEBIT
Cathy Vigor|922 Aurora Avenue|Lexington|Kentucky|UNITED STATES|8596991159|40502||UNIVERSITY OF KENTUCKY F.C.U.|VISA|BUSINESS|DEBIT
Mary|484 Juana Ave|San Leandro|CA|UNITED STATES|9375278218|94577||WELLS FARGO BANK, N.A.|VISA|CLASSIC|DEBIT
Anakarina Oropeza Jurado|715 N Yosemite Ct|Saint peters|MO|UNITED STATES|+1|63376|EMAIL|BANK OF AMERICA, NATIONAL ASSOCIATION|MASTERCARD|ENHANCED|DEBIT
Andrew Schulte||Chicago|IL|UNITED STATES||60604|schultedrew25@outlook.com|SIMMONS FIRST NATIONAL BANK|VISA|PREPAID|DEBIT
Gary Gunnarsson|891 Revere Drive|Lake Havasu|AZ|UNITED STATES||86406||CHASE BANK USA, N.A.|VISA|CLASSIC|CREDIT
DEIRDRE MCLEAN|403 16TH ST E|NORTH VANCOUVER|BC|CANADA||V7L 2T4||CANADIAN IMPERIAL BANK OF COMMERCE|VISA|GOLD|CREDIT
Zalontae Hillery|2101 Ludlam Rd Apt.109|Miami|FL|UNITED STATES||33155||BANK OF AMERICA, NATIONAL ASSOCIATION|MASTERCARD|WORLD|CREDIT
mason tobey|5535 Mulberry Dr|Santa Rosa|California|UNITED STATES|18086451735|954093832|mason@dckauai.com|CAPITAL ONE BANK USA, N.A.|VISA|CLASSIC|CREDIT
Arturo Reguera|Karlslunde Strandvej 91A|Karlslunde|Sj?lland|DENMARK|Denmark&25/10/1962&arturo_reguera@yahoo.es&smokew12&192.38.128.80|2690||NORDEA|VISA/DANKORT|CLASSIC|DEBIT
Wirachot oangkhananuwat|164/3 ?.1 ?.??????|?.??????????? ?.???||THAILAND|0807112966|93000||BANGKOK BANK PUBLIC CO., LTD.|VISA|PLATINUM|CREDIT
Jonathan Boer|2975 Vista View Ave, 201|Hudsonville|MI|UNITED STATES|7089732862|49426|boer.jonathanuzhp@yahoo.com|JPMORGAN CHASE BANK, N.A.|VISA|CLASSIC|DEBIT
John Jones|512 east first street|Forest|Mississippi|UNITED STATES|6015071118|39074|Kweef19@yahoo.com|GREEN DOT|VISA|CLASSIC|DEBIT
Regina M Hello|1350 Rabbit Ridge Rd|Elkton|KY|UNITED STATES||42220||UNITED SOUTHERN BANK|VISA|CLASSIC|DEBIT
Marcela Echayre|1446 Hazel Ave|Madison|Ohio|UNITED STATES|4404176858|44057||HUNTINGTON NATIONAL BANK|MASTERCARD|ENHANCED|DEBIT
Jose L Miranda|1221 Kensington st|Port Charlotte|Fla|UNITED STATES|19412587954|33952|josemiranda@gmail.com|FIFTH THIRD BANK, THE|MASTERCARD|WORLD|CREDIT
N Skiles|8225 PIGEON CREEK DR|WEST OLIVE|MI|UNITED STATES|6167968637|494608603||HUNTINGTON NATIONAL BANK|MASTERCARD|PLATINUM|CREDIT
Jacqueis TerryBaker||Milwaukee|WI|UNITED STATES||53216|onqprod414@gmail.com|BAY FIRST BANK, N.A.|VISA|PREPAID RELOADABLE|DEBIT
Jonathan Rodriguez|8920_acorn_way|Gilroy|CA|UNITED STATES|4084274751|95020|thedriver540@outlook_com|CREDIT ONE BANK, N.A.|VISA|CLASSIC|CREDIT
Rugiatu Sesay|8400 sky view apt 103|Alexandria|VA|UNITED STATES|5712356711|22309||NORDSTROM, F.S.B.|VISA|CLASSIC|CREDIT
David Courville|2451 Clifton Ridge Road|Sulphur|LA|UNITED STATES|3377086631|70665||BBVA USA|MASTERCARD|FLEET|CREDIT
Leah Zelenetz|442 Oak Ave|Cedarhurst|New York|UNITED STATES||11516||CITIBANK N.A.|MASTERCARD|STANDARD|DEBIT
Chris Weldon||Benicia|CA|UNITED STATES||94510||PATELCO CREDIT UNION|MASTERCARD|ENHANCED|DEBIT
https://t.me/meganzshare